project_id,project_source,project_namespace,project_name,collection_id,collection_source,collection_namespace,collection_name
8uJO7UNZda7b68AlyerXGkdWZfPsS8_DcYNhtk4afbs=,OSS_DIRECTORY,oso,brightid,MKH2JljRp_4M8SZNnli0LLPFtD8nQEgHL8JJet-e7dY=,OSS_DIRECTORY,oso,octant-01
YWx14a4ELnaE2V58GdSLn7sVQxwvFBrP7GTQuXsCUd4=,OSS_DIRECTORY,oso,clrfund,MKH2JljRp_4M8SZNnli0LLPFtD8nQEgHL8JJet-e7dY=,OSS_DIRECTORY,oso,octant-01
h3w5ni5D_yQP0CrG9n_41fq8NDuANxU7nKTak_5GUv8=,OSS_DIRECTORY,oso,dao-drops-dorgtech,MKH2JljRp_4M8SZNnli0LLPFtD8nQEgHL8JJet-e7dY=,OSS_DIRECTORY,oso,octant-01
tjebT2TQMaehU8xF6AhwFzT6DSr4wrjoxLh1pE5Q7oo=,OSS_DIRECTORY,oso,drips-network,MKH2JljRp_4M8SZNnli0LLPFtD8nQEgHL8JJet-e7dY=,OSS_DIRECTORY,oso,octant-01
VPRpp_l5T9Eh0u95IqfzUGdh-2DCLEp5TIxDQ8XMWJE=,OSS_DIRECTORY,oso,ethereum-cat-herders,MKH2JljRp_4M8SZNnli0LLPFtD8nQEgHL8JJet-e7dY=,OSS_DIRECTORY,oso,octant-01
wdBmT3yweChtV4g4qcc1NN1QtfnmMPAuCVxoPkiAowY=,OSS_DIRECTORY,oso,ethstaker,MKH2JljRp_4M8SZNnli0LLPFtD8nQEgHL8JJet-e7dY=,OSS_DIRECTORY,oso,octant-01
SNdMHnnes04aSQQwpNdWT0uBt6VdKyT3Zog7miIsaK0=,OSS_DIRECTORY,oso,gitcoin,MKH2JljRp_4M8SZNnli0LLPFtD8nQEgHL8JJet-e7dY=,OSS_DIRECTORY,oso,octant-01
wV2X-YoRtKKe8l64B030vCC8JLhlFQxaafqSubSsl3w=,OSS_DIRECTORY,oso,givepraise,MKH2JljRp_4M8SZNnli0LLPFtD8nQEgHL8JJet-e7dY=,OSS_DIRECTORY,oso,octant-01
_rSUGbgCLjCC0SxFrS6u6299eSa8Vde7C1ftbaFzBuo=,OSS_DIRECTORY,oso,giveth,MKH2JljRp_4M8SZNnli0LLPFtD8nQEgHL8JJet-e7dY=,OSS_DIRECTORY,oso,octant-01
-lP_Uvqt9rP8pWZQDW4VejaqpQDfLuc7mG5D59wRfbs=,OSS_DIRECTORY,oso,glo-foundation,MKH2JljRp_4M8SZNnli0LLPFtD8nQEgHL8JJet-e7dY=,OSS_DIRECTORY,oso,octant-01
VhDGUKAWcJC-2T2YV_HNWy77Ptk64L5sewm6byGKR8A=,OSS_DIRECTORY,oso,hausdao,MKH2JljRp_4M8SZNnli0LLPFtD8nQEgHL8JJet-e7dY=,OSS_DIRECTORY,oso,octant-01
UsLiYpuh5exI0XENoG3FGM-UhRSf6Xbis8NvjvwMh5w=,OSS_DIRECTORY,oso,hypercerts,MKH2JljRp_4M8SZNnli0LLPFtD8nQEgHL8JJet-e7dY=,OSS_DIRECTORY,oso,octant-01
RS5lOoCIf38rkKBpmpOurIyJA85KNvQSFbxdvzij80k=,OSS_DIRECTORY,oso,kernel-community,MKH2JljRp_4M8SZNnli0LLPFtD8nQEgHL8JJet-e7dY=,OSS_DIRECTORY,oso,octant-01
iilyWmaoJCXv0vPfyPQnIGYXoWyTZDlP0oQLMNIVj54=,OSS_DIRECTORY,oso,metagame-metafam,MKH2JljRp_4M8SZNnli0LLPFtD8nQEgHL8JJet-e7dY=,OSS_DIRECTORY,oso,octant-01
RVOuV0FCXB_YUCOIr_cb18IKzJwy_4K5-Ge-Ns4EYnw=,OSS_DIRECTORY,oso,onion-dao,MKH2JljRp_4M8SZNnli0LLPFtD8nQEgHL8JJet-e7dY=,OSS_DIRECTORY,oso,octant-01
cNWIkYYNllGaAe7Xslebf1OTgqitVGPpSfz5pD2B8lY=,OSS_DIRECTORY,oso,pairwise-general-magic,MKH2JljRp_4M8SZNnli0LLPFtD8nQEgHL8JJet-e7dY=,OSS_DIRECTORY,oso,octant-01
UNKoHLpnT_OziRiPCuX21uhgLNIJygsxuZz3A0TL-cg=,OSS_DIRECTORY,oso,protocol-guild,MKH2JljRp_4M8SZNnli0LLPFtD8nQEgHL8JJet-e7dY=,OSS_DIRECTORY,oso,octant-01
64qp1ybgolFxPB47LJA0p7BGYKekaqGS8p3yqqvkL3o=,OSS_DIRECTORY,oso,rotki,MKH2JljRp_4M8SZNnli0LLPFtD8nQEgHL8JJet-e7dY=,OSS_DIRECTORY,oso,octant-01
4IF5N43rh3j9S83bUBcfoWy_2I4qcP8UulcrMsuJX-o=,OSS_DIRECTORY,oso,tor-project,MKH2JljRp_4M8SZNnli0LLPFtD8nQEgHL8JJet-e7dY=,OSS_DIRECTORY,oso,octant-01
8uJO7UNZda7b68AlyerXGkdWZfPsS8_DcYNhtk4afbs=,OSS_DIRECTORY,oso,brightid,akEvQpAZWc5ptDoeBceTtywXudHCCr0nMbpCyL32MCA=,OSS_DIRECTORY,oso,octant-02
YWx14a4ELnaE2V58GdSLn7sVQxwvFBrP7GTQuXsCUd4=,OSS_DIRECTORY,oso,clrfund,akEvQpAZWc5ptDoeBceTtywXudHCCr0nMbpCyL32MCA=,OSS_DIRECTORY,oso,octant-02
rqZBGkL_I2YdMzn6AsloysnvQd1P_szbw9ruZc2arQw=,OSS_DIRECTORY,oso,commonsbuild,akEvQpAZWc5ptDoeBceTtywXudHCCr0nMbpCyL32MCA=,OSS_DIRECTORY,oso,octant-02
h3w5ni5D_yQP0CrG9n_41fq8NDuANxU7nKTak_5GUv8=,OSS_DIRECTORY,oso,dao-drops-dorgtech,akEvQpAZWc5ptDoeBceTtywXudHCCr0nMbpCyL32MCA=,OSS_DIRECTORY,oso,octant-02
tjebT2TQMaehU8xF6AhwFzT6DSr4wrjoxLh1pE5Q7oo=,OSS_DIRECTORY,oso,drips-network,akEvQpAZWc5ptDoeBceTtywXudHCCr0nMbpCyL32MCA=,OSS_DIRECTORY,oso,octant-02
VPRpp_l5T9Eh0u95IqfzUGdh-2DCLEp5TIxDQ8XMWJE=,OSS_DIRECTORY,oso,ethereum-cat-herders,akEvQpAZWc5ptDoeBceTtywXudHCCr0nMbpCyL32MCA=,OSS_DIRECTORY,oso,octant-02
wdBmT3yweChtV4g4qcc1NN1QtfnmMPAuCVxoPkiAowY=,OSS_DIRECTORY,oso,ethstaker,akEvQpAZWc5ptDoeBceTtywXudHCCr0nMbpCyL32MCA=,OSS_DIRECTORY,oso,octant-02
qrlafNIdzAmcq2z0PxvBFisxIJ29C9Cbpdvc_DEpmcU=,OSS_DIRECTORY,oso,fundingthecommons,akEvQpAZWc5ptDoeBceTtywXudHCCr0nMbpCyL32MCA=,OSS_DIRECTORY,oso,octant-02
SNdMHnnes04aSQQwpNdWT0uBt6VdKyT3Zog7miIsaK0=,OSS_DIRECTORY,oso,gitcoin,akEvQpAZWc5ptDoeBceTtywXudHCCr0nMbpCyL32MCA=,OSS_DIRECTORY,oso,octant-02
wV2X-YoRtKKe8l64B030vCC8JLhlFQxaafqSubSsl3w=,OSS_DIRECTORY,oso,givepraise,akEvQpAZWc5ptDoeBceTtywXudHCCr0nMbpCyL32MCA=,OSS_DIRECTORY,oso,octant-02
_rSUGbgCLjCC0SxFrS6u6299eSa8Vde7C1ftbaFzBuo=,OSS_DIRECTORY,oso,giveth,akEvQpAZWc5ptDoeBceTtywXudHCCr0nMbpCyL32MCA=,OSS_DIRECTORY,oso,octant-02
-lP_Uvqt9rP8pWZQDW4VejaqpQDfLuc7mG5D59wRfbs=,OSS_DIRECTORY,oso,glo-foundation,akEvQpAZWc5ptDoeBceTtywXudHCCr0nMbpCyL32MCA=,OSS_DIRECTORY,oso,octant-02
VhDGUKAWcJC-2T2YV_HNWy77Ptk64L5sewm6byGKR8A=,OSS_DIRECTORY,oso,hausdao,akEvQpAZWc5ptDoeBceTtywXudHCCr0nMbpCyL32MCA=,OSS_DIRECTORY,oso,octant-02
UsLiYpuh5exI0XENoG3FGM-UhRSf6Xbis8NvjvwMh5w=,OSS_DIRECTORY,oso,hypercerts,akEvQpAZWc5ptDoeBceTtywXudHCCr0nMbpCyL32MCA=,OSS_DIRECTORY,oso,octant-02
RS5lOoCIf38rkKBpmpOurIyJA85KNvQSFbxdvzij80k=,OSS_DIRECTORY,oso,kernel-community,akEvQpAZWc5ptDoeBceTtywXudHCCr0nMbpCyL32MCA=,OSS_DIRECTORY,oso,octant-02
kZVtBKGSl84JGQpuRfuqaUVlY0BP3XZWNy2wYKjB79s=,OSS_DIRECTORY,oso,l2beat,akEvQpAZWc5ptDoeBceTtywXudHCCr0nMbpCyL32MCA=,OSS_DIRECTORY,oso,octant-02
iilyWmaoJCXv0vPfyPQnIGYXoWyTZDlP0oQLMNIVj54=,OSS_DIRECTORY,oso,metagame-metafam,akEvQpAZWc5ptDoeBceTtywXudHCCr0nMbpCyL32MCA=,OSS_DIRECTORY,oso,octant-02
Erx9J64anc8oSeN-wDKm0sojJf8ONrFVYbQ7GFnqSyc=,OSS_DIRECTORY,oso,opensource-observer,akEvQpAZWc5ptDoeBceTtywXudHCCr0nMbpCyL32MCA=,OSS_DIRECTORY,oso,octant-02
cNWIkYYNllGaAe7Xslebf1OTgqitVGPpSfz5pD2B8lY=,OSS_DIRECTORY,oso,pairwise-general-magic,akEvQpAZWc5ptDoeBceTtywXudHCCr0nMbpCyL32MCA=,OSS_DIRECTORY,oso,octant-02
UNKoHLpnT_OziRiPCuX21uhgLNIJygsxuZz3A0TL-cg=,OSS_DIRECTORY,oso,protocol-guild,akEvQpAZWc5ptDoeBceTtywXudHCCr0nMbpCyL32MCA=,OSS_DIRECTORY,oso,octant-02
zMr9ziUIls0NIAm5eLswVdNAjL-X9j4o2RcEQmrLf4c=,OSS_DIRECTORY,oso,revoke-cash,akEvQpAZWc5ptDoeBceTtywXudHCCr0nMbpCyL32MCA=,OSS_DIRECTORY,oso,octant-02
64qp1ybgolFxPB47LJA0p7BGYKekaqGS8p3yqqvkL3o=,OSS_DIRECTORY,oso,rotki,akEvQpAZWc5ptDoeBceTtywXudHCCr0nMbpCyL32MCA=,OSS_DIRECTORY,oso,octant-02
FqJlC8IuZE2E3eTvQdMA4uG39qNxQSPSgw79bRli5Hs=,OSS_DIRECTORY,oso,shutter-network,akEvQpAZWc5ptDoeBceTtywXudHCCr0nMbpCyL32MCA=,OSS_DIRECTORY,oso,octant-02
4IF5N43rh3j9S83bUBcfoWy_2I4qcP8UulcrMsuJX-o=,OSS_DIRECTORY,oso,tor-project,akEvQpAZWc5ptDoeBceTtywXudHCCr0nMbpCyL32MCA=,OSS_DIRECTORY,oso,octant-02
bQiTKGQ-syTnuXT5qWWin_CyzvIy-etYkxpMzHGiHo4=,OSS_DIRECTORY,oso,0x-boring-security,t4FlUo9NzPBn6f8ho_IzGmPdfG0yPJ9eepouhQYrQmU=,OSS_DIRECTORY,oso,octant-03
0meRIUEV48cb8Plf7X1knIWJZmcrGA3NY91bcOlUNk8=,OSS_DIRECTORY,oso,1hive,t4FlUo9NzPBn6f8ho_IzGmPdfG0yPJ9eepouhQYrQmU=,OSS_DIRECTORY,oso,octant-03
h3w5ni5D_yQP0CrG9n_41fq8NDuANxU7nKTak_5GUv8=,OSS_DIRECTORY,oso,dao-drops-dorgtech,t4FlUo9NzPBn6f8ho_IzGmPdfG0yPJ9eepouhQYrQmU=,OSS_DIRECTORY,oso,octant-03
tjebT2TQMaehU8xF6AhwFzT6DSr4wrjoxLh1pE5Q7oo=,OSS_DIRECTORY,oso,drips-network,t4FlUo9NzPBn6f8ho_IzGmPdfG0yPJ9eepouhQYrQmU=,OSS_DIRECTORY,oso,octant-03
_n9FHvFlG0nkjzzws25GuLhG6dj3bgWwiuxPwy5M4Hw=,OSS_DIRECTORY,oso,etheralpha,t4FlUo9NzPBn6f8ho_IzGmPdfG0yPJ9eepouhQYrQmU=,OSS_DIRECTORY,oso,octant-03
1mBkagpZ6JI5aGrhKsfnb7_M1rtz8N6nraFghzTJs-w=,OSS_DIRECTORY,oso,ethereum-attestation-service,t4FlUo9NzPBn6f8ho_IzGmPdfG0yPJ9eepouhQYrQmU=,OSS_DIRECTORY,oso,octant-03
VPRpp_l5T9Eh0u95IqfzUGdh-2DCLEp5TIxDQ8XMWJE=,OSS_DIRECTORY,oso,ethereum-cat-herders,t4FlUo9NzPBn6f8ho_IzGmPdfG0yPJ9eepouhQYrQmU=,OSS_DIRECTORY,oso,octant-03
wdBmT3yweChtV4g4qcc1NN1QtfnmMPAuCVxoPkiAowY=,OSS_DIRECTORY,oso,ethstaker,t4FlUo9NzPBn6f8ho_IzGmPdfG0yPJ9eepouhQYrQmU=,OSS_DIRECTORY,oso,octant-03
qrlafNIdzAmcq2z0PxvBFisxIJ29C9Cbpdvc_DEpmcU=,OSS_DIRECTORY,oso,fundingthecommons,t4FlUo9NzPBn6f8ho_IzGmPdfG0yPJ9eepouhQYrQmU=,OSS_DIRECTORY,oso,octant-03
SNdMHnnes04aSQQwpNdWT0uBt6VdKyT3Zog7miIsaK0=,OSS_DIRECTORY,oso,gitcoin,t4FlUo9NzPBn6f8ho_IzGmPdfG0yPJ9eepouhQYrQmU=,OSS_DIRECTORY,oso,octant-03
wV2X-YoRtKKe8l64B030vCC8JLhlFQxaafqSubSsl3w=,OSS_DIRECTORY,oso,givepraise,t4FlUo9NzPBn6f8ho_IzGmPdfG0yPJ9eepouhQYrQmU=,OSS_DIRECTORY,oso,octant-03
_rSUGbgCLjCC0SxFrS6u6299eSa8Vde7C1ftbaFzBuo=,OSS_DIRECTORY,oso,giveth,t4FlUo9NzPBn6f8ho_IzGmPdfG0yPJ9eepouhQYrQmU=,OSS_DIRECTORY,oso,octant-03
-lP_Uvqt9rP8pWZQDW4VejaqpQDfLuc7mG5D59wRfbs=,OSS_DIRECTORY,oso,glo-foundation,t4FlUo9NzPBn6f8ho_IzGmPdfG0yPJ9eepouhQYrQmU=,OSS_DIRECTORY,oso,octant-03
YVD9NruuwKCsQX_FPmSMN8A6m2F53PxYxW14W1eVFLU=,OSS_DIRECTORY,oso,growthepie,t4FlUo9NzPBn6f8ho_IzGmPdfG0yPJ9eepouhQYrQmU=,OSS_DIRECTORY,oso,octant-03
UsLiYpuh5exI0XENoG3FGM-UhRSf6Xbis8NvjvwMh5w=,OSS_DIRECTORY,oso,hypercerts,t4FlUo9NzPBn6f8ho_IzGmPdfG0yPJ9eepouhQYrQmU=,OSS_DIRECTORY,oso,octant-03
kZVtBKGSl84JGQpuRfuqaUVlY0BP3XZWNy2wYKjB79s=,OSS_DIRECTORY,oso,l2beat,t4FlUo9NzPBn6f8ho_IzGmPdfG0yPJ9eepouhQYrQmU=,OSS_DIRECTORY,oso,octant-03
iilyWmaoJCXv0vPfyPQnIGYXoWyTZDlP0oQLMNIVj54=,OSS_DIRECTORY,oso,metagame-metafam,t4FlUo9NzPBn6f8ho_IzGmPdfG0yPJ9eepouhQYrQmU=,OSS_DIRECTORY,oso,octant-03
osL3B-y8yn0ALvvF90E-K8sPXgenbqc3PCpeCC67MHE=,OSS_DIRECTORY,oso,metagov,t4FlUo9NzPBn6f8ho_IzGmPdfG0yPJ9eepouhQYrQmU=,OSS_DIRECTORY,oso,octant-03
fY-OQ-do-d63891xc7h50Ql9xYWksuN5cQiMyrm9VxM=,OSS_DIRECTORY,oso,nicenode,t4FlUo9NzPBn6f8ho_IzGmPdfG0yPJ9eepouhQYrQmU=,OSS_DIRECTORY,oso,octant-03
Erx9J64anc8oSeN-wDKm0sojJf8ONrFVYbQ7GFnqSyc=,OSS_DIRECTORY,oso,opensource-observer,t4FlUo9NzPBn6f8ho_IzGmPdfG0yPJ9eepouhQYrQmU=,OSS_DIRECTORY,oso,octant-03
cNWIkYYNllGaAe7Xslebf1OTgqitVGPpSfz5pD2B8lY=,OSS_DIRECTORY,oso,pairwise-general-magic,t4FlUo9NzPBn6f8ho_IzGmPdfG0yPJ9eepouhQYrQmU=,OSS_DIRECTORY,oso,octant-03
UNKoHLpnT_OziRiPCuX21uhgLNIJygsxuZz3A0TL-cg=,OSS_DIRECTORY,oso,protocol-guild,t4FlUo9NzPBn6f8ho_IzGmPdfG0yPJ9eepouhQYrQmU=,OSS_DIRECTORY,oso,octant-03
zMr9ziUIls0NIAm5eLswVdNAjL-X9j4o2RcEQmrLf4c=,OSS_DIRECTORY,oso,revoke-cash,t4FlUo9NzPBn6f8ho_IzGmPdfG0yPJ9eepouhQYrQmU=,OSS_DIRECTORY,oso,octant-03
64qp1ybgolFxPB47LJA0p7BGYKekaqGS8p3yqqvkL3o=,OSS_DIRECTORY,oso,rotki,t4FlUo9NzPBn6f8ho_IzGmPdfG0yPJ9eepouhQYrQmU=,OSS_DIRECTORY,oso,octant-03
FqJlC8IuZE2E3eTvQdMA4uG39qNxQSPSgw79bRli5Hs=,OSS_DIRECTORY,oso,shutter-network,t4FlUo9NzPBn6f8ho_IzGmPdfG0yPJ9eepouhQYrQmU=,OSS_DIRECTORY,oso,octant-03
4IF5N43rh3j9S83bUBcfoWy_2I4qcP8UulcrMsuJX-o=,OSS_DIRECTORY,oso,tor-project,t4FlUo9NzPBn6f8ho_IzGmPdfG0yPJ9eepouhQYrQmU=,OSS_DIRECTORY,oso,octant-03
-cqm4kiQPXiAI9GserwK_Jf2AF05Ygc5Mcmf6S9igjk=,OSS_DIRECTORY,oso,web3,t4FlUo9NzPBn6f8ho_IzGmPdfG0yPJ9eepouhQYrQmU=,OSS_DIRECTORY,oso,octant-03
r06ZetKFJUG0eWrHEAW5wIlDXFDxyiZQdxxSqnmqs0k=,OSS_DIRECTORY,oso,web3py-ethereum,t4FlUo9NzPBn6f8ho_IzGmPdfG0yPJ9eepouhQYrQmU=,OSS_DIRECTORY,oso,octant-03
0meRIUEV48cb8Plf7X1knIWJZmcrGA3NY91bcOlUNk8=,OSS_DIRECTORY,oso,1hive,UuHEZcX5JovJCYL1VmJ4jcAPI09FIWykH_qEyKwwkUg=,OSS_DIRECTORY,oso,octant-04
50Zkidly04WdD8YGpVEbIq0WwTuhI_yuJcWihKUQNo8=,OSS_DIRECTORY,oso,abundanceprotocol,UuHEZcX5JovJCYL1VmJ4jcAPI09FIWykH_qEyKwwkUg=,OSS_DIRECTORY,oso,octant-04
6BxfXGCsH-o83hx52DVL09NneutKXpQeLugD4o7mr-4=,OSS_DIRECTORY,oso,blockscout,UuHEZcX5JovJCYL1VmJ4jcAPI09FIWykH_qEyKwwkUg=,OSS_DIRECTORY,oso,octant-04
LYjorXBAT3ups7hO6SJ_Uy7fft9PqTeD3Nq2m2El7uM=,OSS_DIRECTORY,oso,buidlguidl,UuHEZcX5JovJCYL1VmJ4jcAPI09FIWykH_qEyKwwkUg=,OSS_DIRECTORY,oso,octant-04
h3w5ni5D_yQP0CrG9n_41fq8NDuANxU7nKTak_5GUv8=,OSS_DIRECTORY,oso,dao-drops-dorgtech,UuHEZcX5JovJCYL1VmJ4jcAPI09FIWykH_qEyKwwkUg=,OSS_DIRECTORY,oso,octant-04
r1E7lYltpd3pipZ4-yhn6wABCt0mUfRdjxr208MG5fU=,OSS_DIRECTORY,oso,dappnode,UuHEZcX5JovJCYL1VmJ4jcAPI09FIWykH_qEyKwwkUg=,OSS_DIRECTORY,oso,octant-04
JtV4HW9C6jK66iQ7dhGM0GT7r49YrAFWZFvvLVFSnvQ=,OSS_DIRECTORY,oso,desci-latam,UuHEZcX5JovJCYL1VmJ4jcAPI09FIWykH_qEyKwwkUg=,OSS_DIRECTORY,oso,octant-04
WT7Lsfb_KeEt4RyjfhfXuxFrMEhc2OJW7-LcS3gLdME=,OSS_DIRECTORY,oso,ecosynthesisx,UuHEZcX5JovJCYL1VmJ4jcAPI09FIWykH_qEyKwwkUg=,OSS_DIRECTORY,oso,octant-04
1mBkagpZ6JI5aGrhKsfnb7_M1rtz8N6nraFghzTJs-w=,OSS_DIRECTORY,oso,ethereum-attestation-service,UuHEZcX5JovJCYL1VmJ4jcAPI09FIWykH_qEyKwwkUg=,OSS_DIRECTORY,oso,octant-04
VPRpp_l5T9Eh0u95IqfzUGdh-2DCLEp5TIxDQ8XMWJE=,OSS_DIRECTORY,oso,ethereum-cat-herders,UuHEZcX5JovJCYL1VmJ4jcAPI09FIWykH_qEyKwwkUg=,OSS_DIRECTORY,oso,octant-04
wdBmT3yweChtV4g4qcc1NN1QtfnmMPAuCVxoPkiAowY=,OSS_DIRECTORY,oso,ethstaker,UuHEZcX5JovJCYL1VmJ4jcAPI09FIWykH_qEyKwwkUg=,OSS_DIRECTORY,oso,octant-04
qrlafNIdzAmcq2z0PxvBFisxIJ29C9Cbpdvc_DEpmcU=,OSS_DIRECTORY,oso,fundingthecommons,UuHEZcX5JovJCYL1VmJ4jcAPI09FIWykH_qEyKwwkUg=,OSS_DIRECTORY,oso,octant-04
wV2X-YoRtKKe8l64B030vCC8JLhlFQxaafqSubSsl3w=,OSS_DIRECTORY,oso,givepraise,UuHEZcX5JovJCYL1VmJ4jcAPI09FIWykH_qEyKwwkUg=,OSS_DIRECTORY,oso,octant-04
YVD9NruuwKCsQX_FPmSMN8A6m2F53PxYxW14W1eVFLU=,OSS_DIRECTORY,oso,growthepie,UuHEZcX5JovJCYL1VmJ4jcAPI09FIWykH_qEyKwwkUg=,OSS_DIRECTORY,oso,octant-04
UsLiYpuh5exI0XENoG3FGM-UhRSf6Xbis8NvjvwMh5w=,OSS_DIRECTORY,oso,hypercerts,UuHEZcX5JovJCYL1VmJ4jcAPI09FIWykH_qEyKwwkUg=,OSS_DIRECTORY,oso,octant-04
kZVtBKGSl84JGQpuRfuqaUVlY0BP3XZWNy2wYKjB79s=,OSS_DIRECTORY,oso,l2beat,UuHEZcX5JovJCYL1VmJ4jcAPI09FIWykH_qEyKwwkUg=,OSS_DIRECTORY,oso,octant-04
fY-OQ-do-d63891xc7h50Ql9xYWksuN5cQiMyrm9VxM=,OSS_DIRECTORY,oso,nicenode,UuHEZcX5JovJCYL1VmJ4jcAPI09FIWykH_qEyKwwkUg=,OSS_DIRECTORY,oso,octant-04
Erx9J64anc8oSeN-wDKm0sojJf8ONrFVYbQ7GFnqSyc=,OSS_DIRECTORY,oso,opensource-observer,UuHEZcX5JovJCYL1VmJ4jcAPI09FIWykH_qEyKwwkUg=,OSS_DIRECTORY,oso,octant-04
cNWIkYYNllGaAe7Xslebf1OTgqitVGPpSfz5pD2B8lY=,OSS_DIRECTORY,oso,pairwise-general-magic,UuHEZcX5JovJCYL1VmJ4jcAPI09FIWykH_qEyKwwkUg=,OSS_DIRECTORY,oso,octant-04
qHEjczna6kDTLN1fGMLq2d6rwKqfRU0mufHsRXr5cqA=,OSS_DIRECTORY,oso,pizzadao,UuHEZcX5JovJCYL1VmJ4jcAPI09FIWykH_qEyKwwkUg=,OSS_DIRECTORY,oso,octant-04
UNKoHLpnT_OziRiPCuX21uhgLNIJygsxuZz3A0TL-cg=,OSS_DIRECTORY,oso,protocol-guild,UuHEZcX5JovJCYL1VmJ4jcAPI09FIWykH_qEyKwwkUg=,OSS_DIRECTORY,oso,octant-04
zMr9ziUIls0NIAm5eLswVdNAjL-X9j4o2RcEQmrLf4c=,OSS_DIRECTORY,oso,revoke-cash,UuHEZcX5JovJCYL1VmJ4jcAPI09FIWykH_qEyKwwkUg=,OSS_DIRECTORY,oso,octant-04
JFq-iwGwIQrnVt0T7CwaVfsefjXknPPNfe4cABhxzyA=,OSS_DIRECTORY,oso,rndao,UuHEZcX5JovJCYL1VmJ4jcAPI09FIWykH_qEyKwwkUg=,OSS_DIRECTORY,oso,octant-04
64qp1ybgolFxPB47LJA0p7BGYKekaqGS8p3yqqvkL3o=,OSS_DIRECTORY,oso,rotki,UuHEZcX5JovJCYL1VmJ4jcAPI09FIWykH_qEyKwwkUg=,OSS_DIRECTORY,oso,octant-04
FqJlC8IuZE2E3eTvQdMA4uG39qNxQSPSgw79bRli5Hs=,OSS_DIRECTORY,oso,shutter-network,UuHEZcX5JovJCYL1VmJ4jcAPI09FIWykH_qEyKwwkUg=,OSS_DIRECTORY,oso,octant-04
4IF5N43rh3j9S83bUBcfoWy_2I4qcP8UulcrMsuJX-o=,OSS_DIRECTORY,oso,tor-project,UuHEZcX5JovJCYL1VmJ4jcAPI09FIWykH_qEyKwwkUg=,OSS_DIRECTORY,oso,octant-04
GCEAxg6YdGgGGKm2LPdzAc5sVMz0WbYthN1Hxmrmdv0=,OSS_DIRECTORY,oso,trustful-blockful-io,UuHEZcX5JovJCYL1VmJ4jcAPI09FIWykH_qEyKwwkUg=,OSS_DIRECTORY,oso,octant-04
9FPohrEjU-h_5BTmL-HBlyLH7f9rLprx2zqBddNDtn0=,OSS_DIRECTORY,oso,vyperlang,UuHEZcX5JovJCYL1VmJ4jcAPI09FIWykH_qEyKwwkUg=,OSS_DIRECTORY,oso,octant-04
-cqm4kiQPXiAI9GserwK_Jf2AF05Ygc5Mcmf6S9igjk=,OSS_DIRECTORY,oso,web3,UuHEZcX5JovJCYL1VmJ4jcAPI09FIWykH_qEyKwwkUg=,OSS_DIRECTORY,oso,octant-04
r06ZetKFJUG0eWrHEAW5wIlDXFDxyiZQdxxSqnmqs0k=,OSS_DIRECTORY,oso,web3py-ethereum,UuHEZcX5JovJCYL1VmJ4jcAPI09FIWykH_qEyKwwkUg=,OSS_DIRECTORY,oso,octant-04
0meRIUEV48cb8Plf7X1knIWJZmcrGA3NY91bcOlUNk8=,OSS_DIRECTORY,oso,1hive,V91U2cKrmZWzAQgnlGw4QVDK704Y4gFPzY6xqG8ngLY=,OSS_DIRECTORY,oso,octant-05
50Zkidly04WdD8YGpVEbIq0WwTuhI_yuJcWihKUQNo8=,OSS_DIRECTORY,oso,abundanceprotocol,V91U2cKrmZWzAQgnlGw4QVDK704Y4gFPzY6xqG8ngLY=,OSS_DIRECTORY,oso,octant-05
Fkm6jVtExDnveW5EGnKI-DzzElcM_x9zOBIsVoDge78=,OSS_DIRECTORY,oso,aestus-relay,V91U2cKrmZWzAQgnlGw4QVDK704Y4gFPzY6xqG8ngLY=,OSS_DIRECTORY,oso,octant-05
6BxfXGCsH-o83hx52DVL09NneutKXpQeLugD4o7mr-4=,OSS_DIRECTORY,oso,blockscout,V91U2cKrmZWzAQgnlGw4QVDK704Y4gFPzY6xqG8ngLY=,OSS_DIRECTORY,oso,octant-05
LYjorXBAT3ups7hO6SJ_Uy7fft9PqTeD3Nq2m2El7uM=,OSS_DIRECTORY,oso,buidlguidl,V91U2cKrmZWzAQgnlGw4QVDK704Y4gFPzY6xqG8ngLY=,OSS_DIRECTORY,oso,octant-05
r1E7lYltpd3pipZ4-yhn6wABCt0mUfRdjxr208MG5fU=,OSS_DIRECTORY,oso,dappnode,V91U2cKrmZWzAQgnlGw4QVDK704Y4gFPzY6xqG8ngLY=,OSS_DIRECTORY,oso,octant-05
JtV4HW9C6jK66iQ7dhGM0GT7r49YrAFWZFvvLVFSnvQ=,OSS_DIRECTORY,oso,desci-latam,V91U2cKrmZWzAQgnlGw4QVDK704Y4gFPzY6xqG8ngLY=,OSS_DIRECTORY,oso,octant-05
WT7Lsfb_KeEt4RyjfhfXuxFrMEhc2OJW7-LcS3gLdME=,OSS_DIRECTORY,oso,ecosynthesisx,V91U2cKrmZWzAQgnlGw4QVDK704Y4gFPzY6xqG8ngLY=,OSS_DIRECTORY,oso,octant-05
1mBkagpZ6JI5aGrhKsfnb7_M1rtz8N6nraFghzTJs-w=,OSS_DIRECTORY,oso,ethereum-attestation-service,V91U2cKrmZWzAQgnlGw4QVDK704Y4gFPzY6xqG8ngLY=,OSS_DIRECTORY,oso,octant-05
VPRpp_l5T9Eh0u95IqfzUGdh-2DCLEp5TIxDQ8XMWJE=,OSS_DIRECTORY,oso,ethereum-cat-herders,V91U2cKrmZWzAQgnlGw4QVDK704Y4gFPzY6xqG8ngLY=,OSS_DIRECTORY,oso,octant-05
wdBmT3yweChtV4g4qcc1NN1QtfnmMPAuCVxoPkiAowY=,OSS_DIRECTORY,oso,ethstaker,V91U2cKrmZWzAQgnlGw4QVDK704Y4gFPzY6xqG8ngLY=,OSS_DIRECTORY,oso,octant-05
qrlafNIdzAmcq2z0PxvBFisxIJ29C9Cbpdvc_DEpmcU=,OSS_DIRECTORY,oso,fundingthecommons,V91U2cKrmZWzAQgnlGw4QVDK704Y4gFPzY6xqG8ngLY=,OSS_DIRECTORY,oso,octant-05
wV2X-YoRtKKe8l64B030vCC8JLhlFQxaafqSubSsl3w=,OSS_DIRECTORY,oso,givepraise,V91U2cKrmZWzAQgnlGw4QVDK704Y4gFPzY6xqG8ngLY=,OSS_DIRECTORY,oso,octant-05
rrqUDy2n7xxF-Ese7VHsfoT9GqaThYKWoLtPyZBQCxw=,OSS_DIRECTORY,oso,greenpill-dev-guild,V91U2cKrmZWzAQgnlGw4QVDK704Y4gFPzY6xqG8ngLY=,OSS_DIRECTORY,oso,octant-05
UsLiYpuh5exI0XENoG3FGM-UhRSf6Xbis8NvjvwMh5w=,OSS_DIRECTORY,oso,hypercerts,V91U2cKrmZWzAQgnlGw4QVDK704Y4gFPzY6xqG8ngLY=,OSS_DIRECTORY,oso,octant-05
kZVtBKGSl84JGQpuRfuqaUVlY0BP3XZWNy2wYKjB79s=,OSS_DIRECTORY,oso,l2beat,V91U2cKrmZWzAQgnlGw4QVDK704Y4gFPzY6xqG8ngLY=,OSS_DIRECTORY,oso,octant-05
07RjBmujQG9SxIMIR384ywzvLfgQdH8gZBXJsYePuWY=,OSS_DIRECTORY,oso,lottopgf,V91U2cKrmZWzAQgnlGw4QVDK704Y4gFPzY6xqG8ngLY=,OSS_DIRECTORY,oso,octant-05
osL3B-y8yn0ALvvF90E-K8sPXgenbqc3PCpeCC67MHE=,OSS_DIRECTORY,oso,metagov,V91U2cKrmZWzAQgnlGw4QVDK704Y4gFPzY6xqG8ngLY=,OSS_DIRECTORY,oso,octant-05
Erx9J64anc8oSeN-wDKm0sojJf8ONrFVYbQ7GFnqSyc=,OSS_DIRECTORY,oso,opensource-observer,V91U2cKrmZWzAQgnlGw4QVDK704Y4gFPzY6xqG8ngLY=,OSS_DIRECTORY,oso,octant-05
cNWIkYYNllGaAe7Xslebf1OTgqitVGPpSfz5pD2B8lY=,OSS_DIRECTORY,oso,pairwise-general-magic,V91U2cKrmZWzAQgnlGw4QVDK704Y4gFPzY6xqG8ngLY=,OSS_DIRECTORY,oso,octant-05
qHEjczna6kDTLN1fGMLq2d6rwKqfRU0mufHsRXr5cqA=,OSS_DIRECTORY,oso,pizzadao,V91U2cKrmZWzAQgnlGw4QVDK704Y4gFPzY6xqG8ngLY=,OSS_DIRECTORY,oso,octant-05
UNKoHLpnT_OziRiPCuX21uhgLNIJygsxuZz3A0TL-cg=,OSS_DIRECTORY,oso,protocol-guild,V91U2cKrmZWzAQgnlGw4QVDK704Y4gFPzY6xqG8ngLY=,OSS_DIRECTORY,oso,octant-05
zMr9ziUIls0NIAm5eLswVdNAjL-X9j4o2RcEQmrLf4c=,OSS_DIRECTORY,oso,revoke-cash,V91U2cKrmZWzAQgnlGw4QVDK704Y4gFPzY6xqG8ngLY=,OSS_DIRECTORY,oso,octant-05
JFq-iwGwIQrnVt0T7CwaVfsefjXknPPNfe4cABhxzyA=,OSS_DIRECTORY,oso,rndao,V91U2cKrmZWzAQgnlGw4QVDK704Y4gFPzY6xqG8ngLY=,OSS_DIRECTORY,oso,octant-05
64qp1ybgolFxPB47LJA0p7BGYKekaqGS8p3yqqvkL3o=,OSS_DIRECTORY,oso,rotki,V91U2cKrmZWzAQgnlGw4QVDK704Y4gFPzY6xqG8ngLY=,OSS_DIRECTORY,oso,octant-05
FqJlC8IuZE2E3eTvQdMA4uG39qNxQSPSgw79bRli5Hs=,OSS_DIRECTORY,oso,shutter-network,V91U2cKrmZWzAQgnlGw4QVDK704Y4gFPzY6xqG8ngLY=,OSS_DIRECTORY,oso,octant-05
4IF5N43rh3j9S83bUBcfoWy_2I4qcP8UulcrMsuJX-o=,OSS_DIRECTORY,oso,tor-project,V91U2cKrmZWzAQgnlGw4QVDK704Y4gFPzY6xqG8ngLY=,OSS_DIRECTORY,oso,octant-05
-cqm4kiQPXiAI9GserwK_Jf2AF05Ygc5Mcmf6S9igjk=,OSS_DIRECTORY,oso,web3,V91U2cKrmZWzAQgnlGw4QVDK704Y4gFPzY6xqG8ngLY=,OSS_DIRECTORY,oso,octant-05
r06ZetKFJUG0eWrHEAW5wIlDXFDxyiZQdxxSqnmqs0k=,OSS_DIRECTORY,oso,web3py-ethereum,V91U2cKrmZWzAQgnlGw4QVDK704Y4gFPzY6xqG8ngLY=,OSS_DIRECTORY,oso,octant-05